Block,Monday,Tuesday,Wednesday,Thursday,Friday
Canteen,"Elizabeth Hall
Alexander Clark
Ava Jone
Charlotte Jackson","James Martin
Mia Anderson
Emily Lee
Abigail Rodriguez","Gabriel Carter
Christopher Ramirez
Lily Campbell
Emma Smith","Isabella Miller
Ryan Evan
Oliver Davi
Evelyn Martinez","Owen Howard
Amelia Harri
Liam Johnson
Lucy Reed"
A Block,"Hannah Morri
Samuel Scott","Daniel Walker
Mason Thoma","Olivia Brown
Joseph King","Michael Lewi
Joseph Sumner","Sebastian Baker
Lucas Taylor"
B Block,"Jack Nelson
Noah William","Grace Green
Benjamin Garcia","William White
David Allen","Sofia Young
Elijah Wilson","Harper Thompson
John Richardson"
C Block,"Layla Robert
Elizabeth Hall","Scarlett Cox
Victoria Wright","Sophia Moore
Chloe Adam","Henry Robinson
Aria Cooper","Tyler Murphy
Andrew Mitchell"
